identity,name,white_pct,asian_pct,black_pct,latino_pct,other_pct
White,David Hansen,0.7884615384615384,0.07692307692307693,0.0673076923076923,0.028846153846153848,0.019230769230769232
White,David Hoffman,0.8541666666666666,0.052083333333333336,0.052083333333333336,0,0.041666666666666664
White,David Johnston,0.7553191489361702,0.02127659574468085,0.2127659574468085,0.010638297872340425,0
White,David Larson,0.8125,0.046875,0.0703125,0.015625,0.0390625
White,David Meyer,0.8461538461538461,0.028846153846153848,0.057692307692307696,0.019230769230769232,0.009615384615384616
White,David Olson,0.8365384615384616,0.057692307692307696,0.04807692307692308,0,0.038461538461538464
White,David Ryan,0.8857142857142857,0.02857142857142857,0.05714285714285714,0,0.02857142857142857
White,David Schmidt,0.8461538461538461,0.02197802197802198,0.04395604395604396,0.02197802197802198,0.06593406593406594
White,David Snyder,0.8585858585858586,0.04040404040404041,0.06060606060606061,0.010101010101010102,0.030303030303030304
White,David Wagner,0.8571428571428571,0.047619047619047616,0.06666666666666667,0,0.009523809523809525
White,James Hansen,0.7241379310344828,0.08045977011494253,0.12643678160919541,0,0.04597701149425287
White,James Hoffman,0.8725490196078431,0,0.08823529411764706,0.00980392156862745,0.0196078431372549
White,James Johnston,0.6125,0.0625,0.275,0,0.0375
White,James Larson,0.7526881720430108,0.08602150537634409,0.07526881720430108,0.03225806451612903,0.03225806451612903
White,James Meyer,0.7864077669902912,0.07766990291262135,0.08737864077669903,0,0.02912621359223301
White,James Olson,0.78125,0.041666666666666664,0.10416666666666667,0,0.052083333333333336
White,James Ryan,0.8488372093023255,0.046511627906976744,0.08139534883720931,0,0.011627906976744186
White,James Schmidt,0.8446601941747572,0.04854368932038835,0.05825242718446602,0,0.038834951456310676
White,James Snyder,0.8452380952380952,0.03571428571428571,0.047619047619047616,0.023809523809523808,0.023809523809523808
White,James Wagner,0.7415730337078652,0.0449438202247191,0.12359550561797752,0,0.07865168539325842
White,John Hansen,0.8043478260869565,0.05434782608695652,0.09782608695652174,0,0.021739130434782608
White,John Hoffman,0.8378378378378378,0.04504504504504504,0.06306306306306306,0.018018018018018018,0.02702702702702703
White,John Johnston,0.7475728155339806,0.019417475728155338,0.1262135922330097,0.019417475728155338,0.04854368932038835
White,John Larson,0.819047619047619,0.047619047619047616,0.06666666666666667,0.02857142857142857,0.01904761904761905
White,John Meyer,0.8515625,0.0390625,0.0546875,0.015625,0.0234375
White,John Olson,0.8282828282828283,0.010101010101010102,0.08080808080808081,0.020202020202020204,0.04040404040404041
White,John Ryan,0.8703703703703703,0.037037037037037035,0.06481481481481481,0.009259259259259259,0
White,John Schmidt,0.8817204301075269,0.03225806451612903,0.03225806451612903,0.010752688172043012,0.021505376344086023
White,John Snyder,0.8596491228070176,0.06140350877192982,0.02631578947368421,0.017543859649122806,0.017543859649122806
White,John Wagner,0.7570093457943925,0.056074766355140186,0.06542056074766354,0.018691588785046728,0.04672897196261682
White,Mark Hansen,0.8723404255319149,0.05319148936170213,0.05319148936170213,0,0.010638297872340425
White,Mark Hoffman,0.8857142857142857,0.0380952380952381,0.02857142857142857,0,0.0380952380952381
White,Mark Johnston,0.7553191489361702,0.06382978723404255,0.11702127659574468,0.010638297872340425,0.031914893617021274
White,Mark Larson,0.803921568627451,0.058823529411764705,0.08823529411764706,0.00980392156862745,0.029411764705882353
White,Mark Meyer,0.8857142857142857,0.047619047619047616,0.0380952380952381,0,0.02857142857142857
White,Mark Olson,0.7889908256880734,0.08256880733944955,0.06422018348623854,0.027522935779816515,0.027522935779816515
White,Mark Ryan,0.8191489361702128,0.06382978723404255,0.010638297872340425,0.0425531914893617,0.0425531914893617
White,Mark Schmidt,0.8387096774193549,0.053763440860215055,0.021505376344086023,0.053763440860215055,0.03225806451612903
White,Mark Snyder,0.819047619047619,0.05714285714285714,0.02857142857142857,0.01904761904761905,0.02857142857142857
White,Mark Wagner,0.8494623655913979,0.043010752688172046,0.08602150537634409,0.010752688172043012,0
White,Mary Hansen,0.8018867924528302,0.02830188679245283,0.08490566037735849,0.03773584905660377,0.009433962264150943
White,Mary Hoffman,0.84375,0.052083333333333336,0.041666666666666664,0.020833333333333332,0.010416666666666666
White,Mary Johnston,0.7578947368421053,0.031578947368421054,0.1368421052631579,0.031578947368421054,0.031578947368421054
White,Mary Larson,0.7471264367816092,0.06896551724137931,0.12643678160919541,0,0.04597701149425287
White,Mary Meyer,0.9111111111111111,0.022222222222222223,0.044444444444444446,0,0.022222222222222223
White,Mary Olson,0.8152173913043478,0.08695652173913043,0.03260869565217391,0.021739130434782608,0
White,Mary Ryan,0.8842105263157894,0.021052631578947368,0.031578947368421054,0.010526315789473684,0.031578947368421054
White,Mary Schmidt,0.8241758241758241,0.03296703296703297,0.06593406593406594,0.01098901098901099,0.054945054945054944
White,Mary Snyder,0.8482142857142857,0.044642857142857144,0.03571428571428571,0.017857142857142856,0.044642857142857144
White,Mary Wagner,0.8144329896907216,0.030927835051546393,0.05154639175257732,0.010309278350515464,0.061855670103092786
White,Michael Hansen,0.7872340425531915,0.05319148936170213,0.09574468085106383,0.031914893617021274,0.031914893617021274
White,Michael Hoffman,0.8478260869565217,0.06521739130434782,0.06521739130434782,0.021739130434782608,0
White,Michael Johnston,0.6235294117647059,0.07058823529411765,0.27058823529411763,0,0.03529411764705882
White,Michael Larson,0.7375,0.025,0.2125,0,0.0125
White,Michael Meyer,0.8155339805825242,0.038834951456310676,0.07766990291262135,0.038834951456310676,0.02912621359223301
White,Michael Olson,0.7295081967213115,0.05737704918032787,0.1557377049180328,0.02459016393442623,0.02459016393442623
White,Michael Ryan,0.7640449438202247,0.10112359550561797,0.0898876404494382,0,0.033707865168539325
White,Michael Schmidt,0.7878787878787878,0.09090909090909091,0.04040404040404041,0.010101010101010102,0.050505050505050504
White,Michael Snyder,0.8152173913043478,0.05434782608695652,0.06521739130434782,0.010869565217391304,0.043478260869565216
White,Michael Wagner,0.9,0.04,0.04,0,0.02
White,Richard Hansen,0.7628865979381443,0.05154639175257732,0.10309278350515463,0.020618556701030927,0.041237113402061855
White,Richard Hoffman,0.9247311827956989,0.010752688172043012,0.010752688172043012,0.010752688172043012,0.010752688172043012
White,Richard Johnston,0.7608695652173914,0.03260869565217391,0.13043478260869565,0,0.05434782608695652
White,Richard Larson,0.7981651376146789,0.08256880733944955,0.05504587155963303,0.01834862385321101,0.045871559633027525
White,Richard Meyer,0.8645833333333334,0.041666666666666664,0.020833333333333332,0.03125,0.03125
White,Richard Olson,0.8333333333333334,0.06666666666666667,0.044444444444444446,0,0.022222222222222223
White,Richard Ryan,0.8279569892473119,0.06451612903225806,0.08602150537634409,0,0.010752688172043012
White,Richard Schmidt,0.9052631578947369,0.05263157894736842,0.021052631578947368,0,0.021052631578947368
White,Richard Snyder,0.7564102564102564,0.10256410256410256,0.08974358974358974,0,0.038461538461538464
White,Richard Wagner,0.8144329896907216,0.030927835051546393,0.05154639175257732,0.030927835051546393,0.05154639175257732
White,Robert Hansen,0.7980769230769231,0.125,0.04807692307692308,0,0.019230769230769232
White,Robert Hoffman,0.8725490196078431,0.049019607843137254,0.0392156862745098,0.00980392156862745,0.029411764705882353
White,Robert Johnston,0.68,0.07,0.19,0.01,0.03
White,Robert Larson,0.8141592920353983,0.008849557522123894,0.11504424778761062,0.04424778761061947,0.017699115044247787
White,Robert Meyer,0.8173076923076923,0.028846153846153848,0.0673076923076923,0.038461538461538464,0.038461538461538464
White,Robert Olson,0.801980198019802,0.0297029702970297,0.06930693069306931,0.009900990099009901,0.0594059405940594
White,Robert Ryan,0.8181818181818182,0.07272727272727272,0.06363636363636363,0.00909090909090909,0.01818181818181818
White,Robert Schmidt,0.7961165048543689,0.07766990291262135,0.04854368932038835,0.009708737864077669,0.04854368932038835
White,Robert Snyder,0.8899082568807339,0.027522935779816515,0.07339449541284404,0,0.009174311926605505
White,Robert Wagner,0.8256880733944955,0.08256880733944955,0.05504587155963303,0.01834862385321101,0.01834862385321101
White,Thomas Hansen,0.8380952380952381,0.06666666666666667,0.08571428571428572,0,0
White,Thomas Hoffman,0.8230088495575221,0.061946902654867256,0.07964601769911504,0.008849557522123894,0.02654867256637168
White,Thomas Johnston,0.6979166666666666,0.020833333333333332,0.25,0,0.03125
White,Thomas Larson,0.839622641509434,0.02830188679245283,0.09433962264150944,0.018867924528301886,0.018867924528301886
White,Thomas Meyer,0.8641975308641975,0.012345679012345678,0.06172839506172839,0,0.04938271604938271
White,Thomas Olson,0.85,0.0625,0.0375,0,0.0375
White,Thomas Ryan,0.819672131147541,0.05737704918032787,0.06557377049180328,0.01639344262295082,0.03278688524590164
White,Thomas Schmidt,0.8640776699029126,0.038834951456310676,0.038834951456310676,0.02912621359223301,0.02912621359223301
White,Thomas Snyder,0.9047619047619048,0.047619047619047616,0.011904761904761904,0.011904761904761904,0.011904761904761904
White,Thomas Wagner,0.9306930693069307,0.019801980198019802,0.019801980198019802,0.009900990099009901,0.009900990099009901
White,William Hansen,0.7741935483870968,0.053763440860215055,0.12903225806451613,0,0.03225806451612903
White,William Hoffman,0.8476190476190476,0.047619047619047616,0.06666666666666667,0,0.02857142857142857
White,William Johnston,0.6896551724137931,0.02586206896551724,0.22413793103448276,0.008620689655172414,0.034482758620689655
White,William Larson,0.8352941176470589,0.023529411764705882,0.08235294117647059,0,0.03529411764705882
White,William Meyer,0.8,0.06363636363636363,0.06363636363636363,0,0.06363636363636363
White,William Olson,0.717391304347826,0.021739130434782608,0.20652173913043478,0.010869565217391304,0.043478260869565216
White,William Ryan,0.7857142857142857,0.030612244897959183,0.11224489795918367,0.02040816326530612,0.04081632653061224
White,William Schmidt,0.8738738738738738,0.009009009009009009,0.036036036036036036,0.018018018018018018,0.06306306306306306
White,William Snyder,0.8695652173913043,0.03260869565217391,0.05434782608695652,0.010869565217391304,0.03260869565217391
White,William Wagner,0.8478260869565217,0.06521739130434782,0.07608695652173914,0,0.010869565217391304
Asian or Pacific Islander,Alan Chen,0.14102564102564102,0.782051282051282,0.02564102564102564,0,0.038461538461538464
Asian or Pacific Islander,Alan Kim,0.22058823529411764,0.6617647058823529,0.07352941176470588,0,0.04411764705882353
Asian or Pacific Islander,Alan Le,0.19540229885057472,0.6206896551724138,0.034482758620689655,0,0.10344827586206896
Asian or Pacific Islander,Alan Li,0.11392405063291139,0.7721518987341772,0.012658227848101266,0.0379746835443038,0.0379746835443038
Asian or Pacific Islander,Alan Nguyen,0.17582417582417584,0.6263736263736264,0.054945054945054944,0.02197802197802198,0.07692307692307693
Asian or Pacific Islander,Alan Patel,0.38095238095238093,0.16666666666666666,0.09523809523809523,0.023809523809523808,0.17857142857142858
Asian or Pacific Islander,Alan Pham,0.1625,0.65,0.075,0.0125,0.05
Asian or Pacific Islander,Alan Tran,0.4,0.4,0.06666666666666667,0.02666666666666667,0.04
Asian or Pacific Islander,Alan Wang,0.0945945945945946,0.8513513513513513,0.02702702702702703,0,0.013513513513513514
Asian or Pacific Islander,Alan Yang,0.13114754098360656,0.7377049180327869,0.01639344262295082,0.01639344262295082,0.06557377049180328
Asian or Pacific Islander,Albert Chen,0.11494252873563218,0.7816091954022989,0.04597701149425287,0.011494252873563218,0.034482758620689655
Asian or Pacific Islander,Albert Kim,0.20512820512820512,0.5641025641025641,0.10256410256410256,0,0.0641025641025641
Asian or Pacific Islander,Albert Le,0.3108108108108108,0.5540540540540541,0.04054054054054054,0.02702702702702703,0.04054054054054054
Asian or Pacific Islander,Albert Li,0.18571428571428572,0.6142857142857143,0.07142857142857142,0.02857142857142857,0.07142857142857142
Asian or Pacific Islander,Albert Nguyen,0.18309859154929578,0.647887323943662,0.014084507042253521,0.04225352112676056,0.08450704225352113
Asian or Pacific Islander,Albert Patel,0.3918918918918919,0.2702702702702703,0.013513513513513514,0.013513513513513514,0.24324324324324326
Asian or Pacific Islander,Albert Pham,0.2835820895522388,0.4925373134328358,0.029850746268656716,0.05970149253731343,0.08955223880597014
Asian or Pacific Islander,Albert Tran,0.2926829268292683,0.4878048780487805,0.0975609756097561,0.036585365853658534,0.06097560975609756
Asian or Pacific Islander,Albert Wang,0.11764705882352941,0.75,0.04411764705882353,0.04411764705882353,0.014705882352941176
Asian or Pacific Islander,Albert Yang,0.14285714285714285,0.7285714285714285,0.04285714285714286,0.014285714285714285,0.05714285714285714
Asian or Pacific Islander,Alex Chen,0.14492753623188406,0.7101449275362319,0.057971014492753624,0.014492753623188406,0.057971014492753624
Asian or Pacific Islander,Alex Kim,0.2328767123287671,0.6301369863013698,0.0273972602739726,0.0136986301369863,0.0821917808219178
Asian or Pacific Islander,Alex Le,0.14705882352941177,0.6176470588235294,0.08823529411764706,0.029411764705882353,0.07352941176470588
Asian or Pacific Islander,Alex Li,0.11764705882352941,0.6911764705882353,0.07352941176470588,0.029411764705882353,0.08823529411764706
Asian or Pacific Islander,Alex Nguyen,0.20588235294117646,0.5441176470588235,0.08823529411764706,0.04411764705882353,0.08823529411764706
Asian or Pacific Islander,Alex Patel,0.3466666666666667,0.3333333333333333,0.02666666666666667,0.05333333333333334,0.16
Asian or Pacific Islander,Alex Pham,0.21951219512195122,0.524390243902439,0.036585365853658534,0.06097560975609756,0.07317073170731707
Asian or Pacific Islander,Alex Tran,0.29411764705882354,0.5294117647058824,0.058823529411764705,0,0.10294117647058823
Asian or Pacific Islander,Alex Wang,0.1875,0.7,0.0125,0.0125,0.075
Asian or Pacific Islander,Alex Yang,0.11428571428571428,0.7285714285714285,0.02857142857142857,0.04285714285714286,0.08571428571428572
Asian or Pacific Islander,Alice Chen,0.1267605633802817,0.7605633802816901,0.04225352112676056,0,0.028169014084507043
Asian or Pacific Islander,Alice Kim,0.3333333333333333,0.6231884057971014,0.028985507246376812,0.014492753623188406,0
Asian or Pacific Islander,Alice Le,0.2222222222222222,0.6527777777777778,0.013888888888888888,0.027777777777777776,0.041666666666666664
Asian or Pacific Islander,Alice Li,0.17721518987341772,0.7088607594936709,0.02531645569620253,0.05063291139240506,0
Asian or Pacific Islander,Alice Nguyen,0.15254237288135594,0.6271186440677966,0.0847457627118644,0,0.06779661016949153
Asian or Pacific Islander,Alice Patel,0.5068493150684932,0.2191780821917808,0.0273972602739726,0.0136986301369863,0.1780821917808219
Asian or Pacific Islander,Alice Pham,0.2839506172839506,0.5061728395061729,0.07407407407407407,0,0.07407407407407407
Asian or Pacific Islander,Alice Tran,0.3,0.5,0.06666666666666667,0.016666666666666666,0.05
Asian or Pacific Islander,Alice Wang,0.1388888888888889,0.7222222222222222,0.06944444444444445,0.013888888888888888,0.05555555555555555
Asian or Pacific Islander,Alice Yang,0.16129032258064516,0.7258064516129032,0.03225806451612903,0.03225806451612903,0.016129032258064516
Asian or Pacific Islander,Amy Chen,0.0547945205479452,0.7397260273972602,0.0684931506849315,0.0410958904109589,0.0410958904109589
Asian or Pacific Islander,Amy Kim,0.2911392405063291,0.620253164556962,0.02531645569620253,0,0.06329113924050633
Asian or Pacific Islander,Amy Le,0.189873417721519,0.7468354430379747,0.02531645569620253,0.012658227848101266,0
Asian or Pacific Islander,Amy Li,0.08450704225352113,0.8309859154929577,0.028169014084507043,0,0.028169014084507043
Asian or Pacific Islander,Amy Nguyen,0.18461538461538463,0.6461538461538462,0.09230769230769231,0.03076923076923077,0.03076923076923077
Asian or Pacific Islander,Amy Patel,0.48,0.22666666666666666,0.05333333333333334,0.04,0.13333333333333333
Asian or Pacific Islander,Amy Pham,0.27906976744186046,0.6162790697674418,0.011627906976744186,0.03488372093023256,0.011627906976744186
Asian or Pacific Islander,Amy Tran,0.3611111111111111,0.5,0.027777777777777776,0.027777777777777776,0.06944444444444445
Asian or Pacific Islander,Amy Wang,0.136986301369863,0.7671232876712328,0.0136986301369863,0,0.0821917808219178
Asian or Pacific Islander,Amy Yang,0.07547169811320754,0.8301886792452831,0,0.018867924528301886,0.03773584905660377
Asian or Pacific Islander,Andrew Chen,0.125,0.725,0.05,0.0125,0.075
Asian or Pacific Islander,Andrew Kim,0.24,0.6266666666666667,0.02666666666666667,0.013333333333333334,0.05333333333333334
Asian or Pacific Islander,Andrew Le,0.13513513513513514,0.7297297297297297,0.06756756756756757,0.04054054054054054,0.013513513513513514
Asian or Pacific Islander,Andrew Li,0.16091954022988506,0.7011494252873564,0.04597701149425287,0.022988505747126436,0.04597701149425287
Asian or Pacific Islander,Andrew Nguyen,0.11428571428571428,0.6857142857142857,0.04285714285714286,0,0.12857142857142856
Asian or Pacific Islander,Andrew Patel,0.37142857142857144,0.3142857142857143,0.05714285714285714,0.08571428571428572,0.11428571428571428
Asian or Pacific Islander,Andrew Pham,0.23076923076923078,0.5,0.0641025641025641,0.08974358974358974,0.07692307692307693
Asian or Pacific Islander,Andrew Tran,0.3235294117647059,0.5735294117647058,0.04411764705882353,0,0.029411764705882353
Asian or Pacific Islander,Andrew Wang,0.14285714285714285,0.7619047619047619,0.015873015873015872,0.015873015873015872,0.047619047619047616
Asian or Pacific Islander,Andrew Yang,0.18072289156626506,0.7108433734939759,0.024096385542168676,0.03614457831325301,0.03614457831325301
Asian or Pacific Islander,Andy Chen,0.14492753623188406,0.7246376811594203,0.028985507246376812,0.028985507246376812,0.057971014492753624
Asian or Pacific Islander,Andy Kim,0.25333333333333335,0.56,0.06666666666666667,0.05333333333333334,0.02666666666666667
Asian or Pacific Islander,Andy Le,0.21794871794871795,0.5512820512820513,0.08974358974358974,0.02564102564102564,0.08974358974358974
Asian or Pacific Islander,Andy Li,0.1650485436893204,0.7281553398058253,0.038834951456310676,0.009708737864077669,0.05825242718446602
Asian or Pacific Islander,Andy Nguyen,0.1,0.6285714285714286,0.11428571428571428,0.014285714285714285,0.08571428571428572
Asian or Pacific Islander,Andy Patel,0.33766233766233766,0.2857142857142857,0.05194805194805195,0.05194805194805195,0.18181818181818182
Asian or Pacific Islander,Andy Pham,0.352112676056338,0.4507042253521127,0.028169014084507043,0.056338028169014086,0.04225352112676056
Asian or Pacific Islander,Andy Tran,0.3170731707317073,0.4878048780487805,0.0975609756097561,0.012195121951219513,0.012195121951219513
Asian or Pacific Islander,Andy Wang,0.07042253521126761,0.8450704225352113,0.04225352112676056,0.014084507042253521,0.028169014084507043
Asian or Pacific Islander,Andy Yang,0.11940298507462686,0.7910447761194029,0.014925373134328358,0,0.04477611940298507
Asian or Pacific Islander,Cecilia Chen,0.14516129032258066,0.6290322580645161,0.08064516129032258,0.016129032258064516,0.0967741935483871
Asian or Pacific Islander,Cecilia Kim,0.3333333333333333,0.4583333333333333,0.10416666666666667,0.0625,0.041666666666666664
Asian or Pacific Islander,Cecilia Le,0.18072289156626506,0.5662650602409639,0.04819277108433735,0.0963855421686747,0.04819277108433735
Asian or Pacific Islander,Cecilia Li,0.15492957746478872,0.647887323943662,0.07042253521126761,0.04225352112676056,0.056338028169014086
Asian or Pacific Islander,Cecilia Nguyen,0.1411764705882353,0.611764705882353,0.07058823529411765,0.09411764705882353,0.011764705882352941
Asian or Pacific Islander,Cecilia Patel,0.2833333333333333,0.25,0.13333333333333333,0.08333333333333333,0.18333333333333332
Asian or Pacific Islander,Cecilia Pham,0.2,0.6,0.15714285714285714,0,0
Asian or Pacific Islander,Cecilia Tran,0.19047619047619047,0.5714285714285714,0.047619047619047616,0.09523809523809523,0.047619047619047616
Asian or Pacific Islander,Cecilia Wang,0.18840579710144928,0.7246376811594203,0.043478260869565216,0,0.043478260869565216
Asian or Pacific Islander,Cecilia Yang,0.12941176470588237,0.7058823529411765,0.058823529411764705,0.047058823529411764,0.03529411764705882
Asian or Pacific Islander,Cindy Chen,0.1791044776119403,0.6716417910447762,0.05970149253731343,0.014925373134328358,0.029850746268656716
Asian or Pacific Islander,Cindy Kim,0.2857142857142857,0.5974025974025974,0.06493506493506493,0,0.03896103896103896
Asian or Pacific Islander,Cindy Le,0.17073170731707318,0.7073170731707317,0.04878048780487805,0.036585365853658534,0.012195121951219513
Asian or Pacific Islander,Cindy Li,0.04918032786885246,0.8032786885245902,0.03278688524590164,0.03278688524590164,0.06557377049180328
Asian or Pacific Islander,Cindy Nguyen,0.13924050632911392,0.6455696202531646,0.0759493670886076,0.02531645569620253,0.05063291139240506
Asian or Pacific Islander,Cindy Patel,0.37662337662337664,0.2727272727272727,0.05194805194805195,0.025974025974025976,0.16883116883116883
Asian or Pacific Islander,Cindy Pham,0.34615384615384615,0.44871794871794873,0.05128205128205128,0.038461538461538464,0.07692307692307693
Asian or Pacific Islander,Cindy Tran,0.2375,0.6,0.0375,0.05,0.05
Asian or Pacific Islander,Cindy Wang,0.1744186046511628,0.7209302325581395,0.05813953488372093,0,0.011627906976744186
Asian or Pacific Islander,Cindy Yang,0.15584415584415584,0.7272727272727273,0.05194805194805195,0.012987012987012988,0.025974025974025976
Asian or Pacific Islander,Dan Chen,0.13095238095238096,0.6666666666666666,0.047619047619047616,0.03571428571428571,0.08333333333333333
Asian or Pacific Islander,Dan Kim,0.12121212121212122,0.7727272727272727,0.015151515151515152,0.030303030303030304,0.015151515151515152
Asian or Pacific Islander,Dan Le,0.13636363636363635,0.6666666666666666,0.030303030303030304,0.030303030303030304,0.09090909090909091
Asian or Pacific Islander,Dan Li,0.175,0.6875,0.0375,0.025,0.05
Asian or Pacific Islander,Dan Nguyen,0.05714285714285714,0.7285714285714285,0.1,0.02857142857142857,0.05714285714285714
Asian or Pacific Islander,Dan Patel,0.4027777777777778,0.2777777777777778,0.041666666666666664,0,0.19444444444444445
Asian or Pacific Islander,Dan Pham,0.19402985074626866,0.5671641791044776,0.04477611940298507,0.04477611940298507,0.07462686567164178
Asian or Pacific Islander,Dan Tran,0.21739130434782608,0.6195652173913043,0.06521739130434782,0,0.05434782608695652
Asian or Pacific Islander,Dan Wang,0.10606060606060606,0.7272727272727273,0.030303030303030304,0.06060606060606061,0.045454545454545456
Asian or Pacific Islander,Dan Yang,0.030303030303030304,0.8484848484848485,0.045454545454545456,0,0.06060606060606061
Asian or Pacific Islander,David Chen,0.1527777777777778,0.7638888888888888,0.027777777777777776,0,0.041666666666666664
Asian or Pacific Islander,David Kim,0.30985915492957744,0.5633802816901409,0.07042253521126761,0.028169014084507043,0.014084507042253521
Asian or Pacific Islander,David Le,0.23809523809523808,0.6190476190476191,0.031746031746031744,0.031746031746031744,0.07936507936507936
Asian or Pacific Islander,David Li,0.05714285714285714,0.7571428571428571,0.04285714285714286,0.04285714285714286,0.07142857142857142
Asian or Pacific Islander,David Nguyen,0.12987012987012986,0.6753246753246753,0.07792207792207792,0.012987012987012988,0.05194805194805195
Asian or Pacific Islander,David Patel,0.4444444444444444,0.3333333333333333,0.031746031746031744,0.047619047619047616,0.07936507936507936
Asian or Pacific Islander,David Pham,0.35384615384615387,0.46153846153846156,0.015384615384615385,0.03076923076923077,0.06153846153846154
Asian or Pacific Islander,David Tran,0.3116883116883117,0.5194805194805194,0.05194805194805195,0.025974025974025976,0.05194805194805195
Asian or Pacific Islander,David Wang,0.12,0.76,0.04,0.04,0.04
Asian or Pacific Islander,David Yang,0.12162162162162163,0.7702702702702703,0.02702702702702703,0.013513513513513514,0.04054054054054054
Asian or Pacific Islander,Eric Chen,0.12903225806451613,0.6451612903225806,0.0967741935483871,0,0.11290322580645161
Asian or Pacific Islander,Eric Kim,0.15789473684210525,0.75,0.02631578947368421,0.039473684210526314,0.013157894736842105
Asian or Pacific Islander,Eric Le,0.13432835820895522,0.7014925373134329,0.07462686567164178,0.014925373134328358,0.04477611940298507
Asian or Pacific Islander,Eric Li,0.2,0.7076923076923077,0.03076923076923077,0.03076923076923077,0.03076923076923077
Asian or Pacific Islander,Eric Nguyen,0.16666666666666666,0.6666666666666666,0.08333333333333333,0.016666666666666666,0
Asian or Pacific Islander,Eric Patel,0.373134328358209,0.2835820895522388,0.05970149253731343,0.029850746268656716,0.208955223880597
Asian or Pacific Islander,Eric Pham,0.26666666666666666,0.5166666666666667,0.05,0.016666666666666666,0.1
Asian or Pacific Islander,Eric Tran,0.2714285714285714,0.5857142857142857,0.04285714285714286,0,0.07142857142857142
Asian or Pacific Islander,Eric Wang,0.08108108108108109,0.7972972972972973,0.02702702702702703,0.02702702702702703,0.04054054054054054
Asian or Pacific Islander,Eric Yang,0.16216216216216217,0.7162162162162162,0.02702702702702703,0.013513513513513514,0.05405405405405406
Asian or Pacific Islander,Grace Chen,0.13186813186813187,0.8241758241758241,0.01098901098901099,0,0.01098901098901099
Asian or Pacific Islander,Grace Kim,0.23880597014925373,0.5970149253731343,0.13432835820895522,0,0.029850746268656716
Asian or Pacific Islander,Grace Le,0.1875,0.625,0.0625,0,0.03125
Asian or Pacific Islander,Grace Li,0.08955223880597014,0.7014925373134329,0.05970149253731343,0.029850746268656716,0.1044776119402985
Asian or Pacific Islander,Grace Nguyen,0.16666666666666666,0.6944444444444444,0.027777777777777776,0.027777777777777776,0.05555555555555555
Asian or Pacific Islander,Grace Patel,0.3116883116883117,0.35064935064935066,0.1038961038961039,0.025974025974025976,0.1038961038961039
Asian or Pacific Islander,Grace Pham,0.2894736842105263,0.5,0.06578947368421052,0.02631578947368421,0.06578947368421052
Asian or Pacific Islander,Grace Tran,0.2682926829268293,0.5487804878048781,0.08536585365853659,0,0.06097560975609756
Asian or Pacific Islander,Grace Wang,0.22535211267605634,0.5633802816901409,0.056338028169014086,0,0.11267605633802817
Asian or Pacific Islander,Grace Yang,0.0847457627118644,0.8305084745762712,0.03389830508474576,0.01694915254237288,0.01694915254237288
Asian or Pacific Islander,Hong Chen,0.08860759493670886,0.8227848101265823,0.0379746835443038,0.02531645569620253,0.012658227848101266
Asian or Pacific Islander,Hong Kim,0.140625,0.734375,0.03125,0,0.0625
Asian or Pacific Islander,Hong Le,0.06578947368421052,0.8157894736842105,0.02631578947368421,0.039473684210526314,0.02631578947368421
Asian or Pacific Islander,Hong Li,0.06578947368421052,0.8157894736842105,0.02631578947368421,0.039473684210526314,0.05263157894736842
Asian or Pacific Islander,Hong Nguyen,0.16091954022988506,0.7701149425287356,0.022988505747126436,0,0.034482758620689655
Asian or Pacific Islander,Hong Patel,0.08641975308641975,0.5802469135802469,0.04938271604938271,0.012345679012345678,0.20987654320987653
Asian or Pacific Islander,Hong Pham,0.09302325581395349,0.8255813953488372,0,0.023255813953488372,0.03488372093023256
Asian or Pacific Islander,Hong Tran,0.0945945945945946,0.7162162162162162,0.04054054054054054,0.06756756756756757,0.05405405405405406
Asian or Pacific Islander,Hong Wang,0.05714285714285714,0.8714285714285714,0.014285714285714285,0.014285714285714285,0.02857142857142857
Asian or Pacific Islander,Hong Yang,0.08235294117647059,0.7764705882352941,0.023529411764705882,0.011764705882352941,0.09411764705882353
Asian or Pacific Islander,Hung Chen,0.0625,0.890625,0.015625,0.015625,0.015625
Asian or Pacific Islander,Hung Kim,0.06756756756756757,0.8513513513513513,0.02702702702702703,0.013513513513513514,0.02702702702702703
Asian or Pacific Islander,Hung Le,0.06666666666666667,0.7333333333333333,0.11666666666666667,0.03333333333333333,0.03333333333333333
Asian or Pacific Islander,Hung Li,0.15384615384615385,0.7564102564102564,0,0.02564102564102564,0.05128205128205128
Asian or Pacific Islander,Hung Nguyen,0.15,0.6666666666666666,0.05,0,0.1
Asian or Pacific Islander,Hung Patel,0.12987012987012986,0.5584415584415584,0,0.06493506493506493,0.16883116883116883
Asian or Pacific Islander,Hung Pham,0.11267605633802817,0.7183098591549296,0.056338028169014086,0.056338028169014086,0.04225352112676056
Asian or Pacific Islander,Hung Tran,0.15384615384615385,0.6461538461538462,0.046153846153846156,0.015384615384615385,0.06153846153846154
Asian or Pacific Islander,Hung Wang,0,0.8823529411764706,0.029411764705882353,0.04411764705882353,0.04411764705882353
Asian or Pacific Islander,Hung Yang,0.0759493670886076,0.8354430379746836,0.05063291139240506,0,0.02531645569620253
Asian or Pacific Islander,Jane Chen,0.24285714285714285,0.6571428571428571,0,0.02857142857142857,0.04285714285714286
Asian or Pacific Islander,Jane Kim,0.16455696202531644,0.7341772151898734,0.02531645569620253,0.0379746835443038,0.0379746835443038
Asian or Pacific Islander,Jane Le,0.13043478260869565,0.7391304347826086,0.057971014492753624,0,0.028985507246376812
Asian or Pacific Islander,Jane Li,0.16417910447761194,0.8059701492537313,0,0.014925373134328358,0
Asian or Pacific Islander,Jane Nguyen,0.16176470588235295,0.6029411764705882,0.10294117647058823,0.029411764705882353,0.029411764705882353
Asian or Pacific Islander,Jane Patel,0.5344827586206896,0.1896551724137931,0.05172413793103448,0.017241379310344827,0.1896551724137931
Asian or Pacific Islander,Jane Pham,0.25,0.5227272727272727,0.10227272727272728,0.022727272727272728,0.045454545454545456
Asian or Pacific Islander,Jane Tran,0.3670886075949367,0.45569620253164556,0.06329113924050633,0,0.05063291139240506
Asian or Pacific Islander,Jane Wang,0.1375,0.75,0.025,0.025,0.05
Asian or Pacific Islander,Jane Yang,0.09836065573770492,0.8032786885245902,0.01639344262295082,0.01639344262295082,0.04918032786885246
Asian or Pacific Islander,Jennifer Chen,0.10256410256410256,0.717948717948718,0.07692307692307693,0.01282051282051282,0.05128205128205128
Asian or Pacific Islander,Jennifer Kim,0.34328358208955223,0.6268656716417911,0.029850746268656716,0,0
Asian or Pacific Islander,Jennifer Le,0.20833333333333334,0.5972222222222222,0.05555555555555555,0.041666666666666664,0.06944444444444445
Asian or Pacific Islander,Jennifer Li,0.14492753623188406,0.7101449275362319,0.07246376811594203,0.014492753623188406,0.014492753623188406
Asian or Pacific Islander,Jennifer Nguyen,0.21052631578947367,0.5921052631578947,0.039473684210526314,0.039473684210526314,0.06578947368421052
Asian or Pacific Islander,Jennifer Patel,0.36486486486486486,0.2702702702702703,0.05405405405405406,0.05405405405405406,0.17567567567567569
Asian or Pacific Islander,Jennifer Pham,0.38666666666666666,0.4666666666666667,0.02666666666666667,0.02666666666666667,0.05333333333333334
Asian or Pacific Islander,Jennifer Tran,0.3968253968253968,0.47619047619047616,0.015873015873015872,0.031746031746031744,0.047619047619047616
Asian or Pacific Islander,Jennifer Wang,0.19444444444444445,0.7222222222222222,0.041666666666666664,0.013888888888888888,0.013888888888888888
Asian or Pacific Islander,Jennifer Yang,0.18181818181818182,0.6931818181818182,0.045454545454545456,0.022727272727272728,0.045454545454545456
Asian or Pacific Islander,Jenny Chen,0.14634146341463414,0.7195121951219512,0.024390243902439025,0.04878048780487805,0.036585365853658534
Asian or Pacific Islander,Jenny Kim,0.16393442622950818,0.6721311475409836,0.06557377049180328,0,0.03278688524590164
Asian or Pacific Islander,Jenny Le,0.2153846153846154,0.6153846153846154,0.015384615384615385,0,0.046153846153846156
Asian or Pacific Islander,Jenny Li,0.07575757575757576,0.803030303030303,0.045454545454545456,0.045454545454545456,0.030303030303030304
Asian or Pacific Islander,Jenny Nguyen,0.13580246913580246,0.6049382716049383,0.09876543209876543,0.037037037037037035,0.037037037037037035
Asian or Pacific Islander,Jenny Patel,0.48148148148148145,0.2222222222222222,0.07407407407407407,0.012345679012345678,0.14814814814814814
Asian or Pacific Islander,Jenny Pham,0.2876712328767123,0.4794520547945205,0.0547945205479452,0.0547945205479452,0.0821917808219178
Asian or Pacific Islander,Jenny Tran,0.24242424242424243,0.6515151515151515,0.015151515151515152,0.030303030303030304,0.015151515151515152
Asian or Pacific Islander,Jenny Wang,0.21875,0.671875,0.046875,0,0.0625
Asian or Pacific Islander,Jenny Yang,0.16216216216216217,0.7162162162162162,0.04054054054054054,0.02702702702702703,0.04054054054054054
Asian or Pacific Islander,Jian Chen,0.09210526315789473,0.75,0.013157894736842105,0.039473684210526314,0.07894736842105263
Asian or Pacific Islander,Jian Kim,0.1323529411764706,0.7352941176470589,0.07352941176470588,0.014705882352941176,0.029411764705882353
Asian or Pacific Islander,Jian Le,0.1111111111111111,0.7361111111111112,0.041666666666666664,0.041666666666666664,0.041666666666666664
Asian or Pacific Islander,Jian Li,0.05263157894736842,0.881578947368421,0.02631578947368421,0.013157894736842105,0.02631578947368421
Asian or Pacific Islander,Jian Nguyen,0.10606060606060606,0.696969696969697,0.06060606060606061,0.07575757575757576,0.030303030303030304
Asian or Pacific Islander,Jian Patel,0.13414634146341464,0.43902439024390244,0.012195121951219513,0.024390243902439025,0.24390243902439024
Asian or Pacific Islander,Jian Pham,0.0958904109589041,0.7945205479452054,0.0136986301369863,0.0273972602739726,0.0410958904109589
Asian or Pacific Islander,Jian Tran,0.1,0.725,0.025,0.0625,0.05
Asian or Pacific Islander,Jian Wang,0.10810810810810811,0.8108108108108109,0.02702702702702703,0.013513513513513514,0.02702702702702703
Asian or Pacific Islander,Jian Yang,0.08974358974358974,0.8205128205128205,0.038461538461538464,0.01282051282051282,0.02564102564102564
Asian or Pacific Islander,Jin Chen,0.07352941176470588,0.8529411764705882,0.014705882352941176,0.04411764705882353,0.014705882352941176
Asian or Pacific Islander,Jin Kim,0.07142857142857142,0.8333333333333334,0.011904761904761904,0.03571428571428571,0.03571428571428571
Asian or Pacific Islander,Jin Le,0.08333333333333333,0.8333333333333334,0.041666666666666664,0,0.041666666666666664
Asian or Pacific Islander,Jin Li,0.1,0.7857142857142857,0.05714285714285714,0.014285714285714285,0.02857142857142857
Asian or Pacific Islander,Jin Nguyen,0.17142857142857143,0.6714285714285714,0.07142857142857142,0.014285714285714285,0.05714285714285714
Asian or Pacific Islander,Jin Patel,0.16091954022988506,0.4827586206896552,0.034482758620689655,0.022988505747126436,0.20689655172413793
Asian or Pacific Islander,Jin Pham,0.11627906976744186,0.7558139534883721,0.03488372093023256,0,0.046511627906976744
Asian or Pacific Islander,Jin Tran,0.11666666666666667,0.7666666666666667,0.05,0.03333333333333333,0
Asian or Pacific Islander,Jin Wang,0.06329113924050633,0.8354430379746836,0.0379746835443038,0.012658227848101266,0.05063291139240506
Asian or Pacific Islander,Jin Yang,0.07246376811594203,0.8405797101449275,0.014492753623188406,0.028985507246376812,0.043478260869565216
Asian or Pacific Islander,Li Chen,0.08333333333333333,0.8666666666666667,0.016666666666666666,0,0.03333333333333333
Asian or Pacific Islander,Li Kim,0.09876543209876543,0.7901234567901234,0.04938271604938271,0.012345679012345678,0.024691358024691357
Asian or Pacific Islander,Li Le,0.15476190476190477,0.6547619047619048,0.09523809523809523,0.023809523809523808,0.03571428571428571
Asian or Pacific Islander,Li Li,0.0967741935483871,0.8064516129032258,0,0.04838709677419355,0.03225806451612903
Asian or Pacific Islander,Li Nguyen,0.11842105263157894,0.8026315789473685,0.05263157894736842,0,0.013157894736842105
Asian or Pacific Islander,Li Patel,0.2073170731707317,0.47560975609756095,0.024390243902439025,0.06097560975609756,0.17073170731707318
Asian or Pacific Islander,Li Pham,0.1,0.7833333333333333,0.05,0.016666666666666666,0.03333333333333333
Asian or Pacific Islander,Li Tran,0.08450704225352113,0.8309859154929577,0.056338028169014086,0.014084507042253521,0
Asian or Pacific Islander,Li Wang,0.10526315789473684,0.7894736842105263,0.02631578947368421,0.039473684210526314,0.02631578947368421
Asian or Pacific Islander,Li Yang,0.10144927536231885,0.7246376811594203,0.10144927536231885,0,0.043478260869565216
Asian or Pacific Islander,May Chen,0.044444444444444446,0.8777777777777778,0,0.011111111111111112,0.05555555555555555
Asian or Pacific Islander,May Kim,0.12121212121212122,0.7424242424242424,0.030303030303030304,0.030303030303030304,0.045454545454545456
Asian or Pacific Islander,May Le,0.1643835616438356,0.7671232876712328,0.0136986301369863,0,0.0136986301369863
Asian or Pacific Islander,May Li,0.1232876712328767,0.684931506849315,0.0547945205479452,0.0273972602739726,0.0547945205479452
Asian or Pacific Islander,May Nguyen,0.13333333333333333,0.6933333333333334,0.04,0.013333333333333334,0.05333333333333334
Asian or Pacific Islander,May Patel,0.2625,0.3625,0.1,0.025,0.1625
Asian or Pacific Islander,May Pham,0.16,0.7066666666666667,0.05333333333333334,0.013333333333333334,0.02666666666666667
Asian or Pacific Islander,May Tran,0.21176470588235294,0.6,0.07058823529411765,0.047058823529411764,0.03529411764705882
Asian or Pacific Islander,May Wang,0.09722222222222222,0.7916666666666666,0.041666666666666664,0.013888888888888888,0.041666666666666664
Asian or Pacific Islander,May Yang,0.08571428571428572,0.8285714285714286,0.04285714285714286,0.014285714285714285,0.02857142857142857
Asian or Pacific Islander,Minh Chen,0.11864406779661017,0.7966101694915254,0.03389830508474576,0.03389830508474576,0.01694915254237288
Asian or Pacific Islander,Minh Kim,0.05970149253731343,0.7611940298507462,0.07462686567164178,0.029850746268656716,0.029850746268656716
Asian or Pacific Islander,Minh Le,0.10126582278481013,0.810126582278481,0.02531645569620253,0.012658227848101266,0.05063291139240506
Asian or Pacific Islander,Minh Li,0.09090909090909091,0.7922077922077922,0.012987012987012988,0.05194805194805195,0.012987012987012988
Asian or Pacific Islander,Minh Nguyen,0.04819277108433735,0.7590361445783133,0.07228915662650602,0,0.07228915662650602
Asian or Pacific Islander,Minh Patel,0.22666666666666666,0.37333333333333335,0.06666666666666667,0,0.24
Asian or Pacific Islander,Minh Pham,0.13924050632911392,0.7215189873417721,0.02531645569620253,0.05063291139240506,0.0379746835443038
Asian or Pacific Islander,Minh Tran,0.10294117647058823,0.6176470588235294,0.08823529411764706,0.08823529411764706,0.014705882352941176
Asian or Pacific Islander,Minh Wang,0.14285714285714285,0.7922077922077922,0.025974025974025976,0,0.03896103896103896
Asian or Pacific Islander,Minh Yang,0.14925373134328357,0.8059701492537313,0,0.029850746268656716,0.014925373134328358
Asian or Pacific Islander,Peter Chen,0.10526315789473684,0.7763157894736842,0.039473684210526314,0,0.06578947368421052
Asian or Pacific Islander,Peter Kim,0.23529411764705882,0.6323529411764706,0.029411764705882353,0.014705882352941176,0.04411764705882353
Asian or Pacific Islander,Peter Le,0.23880597014925373,0.6417910447761194,0.029850746268656716,0.014925373134328358,0.05970149253731343
Asian or Pacific Islander,Peter Li,0.0958904109589041,0.821917808219178,0.0273972602739726,0.0273972602739726,0
Asian or Pacific Islander,Peter Nguyen,0.17391304347826086,0.5652173913043478,0.10144927536231885,0.014492753623188406,0.10144927536231885
Asian or Pacific Islander,Peter Patel,0.4358974358974359,0.21794871794871795,0.05128205128205128,0.038461538461538464,0.19230769230769232
Asian or Pacific Islander,Peter Pham,0.2318840579710145,0.5362318840579711,0.07246376811594203,0.014492753623188406,0.08695652173913043
Asian or Pacific Islander,Peter Tran,0.33695652173913043,0.5543478260869565,0.021739130434782608,0.010869565217391304,0.043478260869565216
Asian or Pacific Islander,Peter Wang,0.15942028985507245,0.7391304347826086,0.043478260869565216,0,0.057971014492753624
Asian or Pacific Islander,Peter Yang,0.15384615384615385,0.6923076923076923,0.07692307692307693,0.015384615384615385,0.06153846153846154
Asian or Pacific Islander,Sam Chen,0.18292682926829268,0.6951219512195121,0.04878048780487805,0.012195121951219513,0.06097560975609756
Asian or Pacific Islander,Sam Kim,0.21428571428571427,0.5857142857142857,0.1,0.05714285714285714,0.014285714285714285
Asian or Pacific Islander,Sam Le,0.18055555555555555,0.7083333333333334,0.027777777777777776,0.027777777777777776,0.027777777777777776
Asian or Pacific Islander,Sam Li,0.1506849315068493,0.7123287671232876,0.0684931506849315,0.0410958904109589,0.0136986301369863
Asian or Pacific Islander,Sam Nguyen,0.13513513513513514,0.6756756756756757,0.06756756756756757,0.02702702702702703,0.02702702702702703
Asian or Pacific Islander,Sam Patel,0.35353535353535354,0.23232323232323232,0.06060606060606061,0.04040404040404041,0.24242424242424243
Asian or Pacific Islander,Sam Pham,0.2631578947368421,0.5131578947368421,0.09210526315789473,0.02631578947368421,0.07894736842105263
Asian or Pacific Islander,Sam Tran,0.3,0.55,0.0625,0.0625,0.0125
Asian or Pacific Islander,Sam Wang,0.11392405063291139,0.6708860759493671,0.06329113924050633,0.0379746835443038,0.0759493670886076
Asian or Pacific Islander,Sam Yang,0.08823529411764706,0.7794117647058824,0.04411764705882353,0.014705882352941176,0.058823529411764705
Asian or Pacific Islander,Thanh Chen,0.0821917808219178,0.7945205479452054,0.0136986301369863,0.0410958904109589,0.0547945205479452
Asian or Pacific Islander,Thanh Kim,0.1724137931034483,0.7586206896551724,0.017241379310344827,0,0.034482758620689655
Asian or Pacific Islander,Thanh Le,0.0684931506849315,0.8082191780821918,0.0684931506849315,0.0136986301369863,0
Asian or Pacific Islander,Thanh Li,0.1125,0.8125,0.0625,0,0
Asian or Pacific Islander,Thanh Nguyen,0.14102564102564102,0.6794871794871795,0.07692307692307693,0,0.0641025641025641
Asian or Pacific Islander,Thanh Patel,0.15492957746478872,0.352112676056338,0.08450704225352113,0.04225352112676056,0.2676056338028169
Asian or Pacific Islander,Thanh Pham,0.12658227848101267,0.6582278481012658,0.08860759493670886,0.02531645569620253,0.05063291139240506
Asian or Pacific Islander,Thanh Tran,0.08450704225352113,0.676056338028169,0.056338028169014086,0.028169014084507043,0.11267605633802817
Asian or Pacific Islander,Thanh Wang,0.06557377049180328,0.8524590163934426,0.06557377049180328,0,0.01639344262295082
Asian or Pacific Islander,Thanh Yang,0.07142857142857142,0.7714285714285715,0.02857142857142857,0.08571428571428572,0
Asian or Pacific Islander,Vivian Chen,0.1746031746031746,0.6984126984126984,0.015873015873015872,0.047619047619047616,0.031746031746031744
Asian or Pacific Islander,Vivian Kim,0.24324324324324326,0.6486486486486487,0.08108108108108109,0,0.02702702702702703
Asian or Pacific Islander,Vivian Le,0.22535211267605634,0.5774647887323944,0.09859154929577464,0.014084507042253521,0.07042253521126761
Asian or Pacific Islander,Vivian Li,0.16470588235294117,0.6588235294117647,0.03529411764705882,0.08235294117647059,0.03529411764705882
Asian or Pacific Islander,Vivian Nguyen,0.16,0.6,0.09333333333333334,0,0.06666666666666667
Asian or Pacific Islander,Vivian Patel,0.36486486486486486,0.25675675675675674,0.04054054054054054,0.04054054054054054,0.16216216216216217
Asian or Pacific Islander,Vivian Pham,0.1917808219178082,0.6712328767123288,0.0410958904109589,0.0273972602739726,0.0684931506849315
Asian or Pacific Islander,Vivian Tran,0.2972972972972973,0.5135135135135135,0.04054054054054054,0.04054054054054054,0.04054054054054054
Asian or Pacific Islander,Vivian Wang,0.1111111111111111,0.7301587301587301,0,0.07936507936507936,0.06349206349206349
Asian or Pacific Islander,Vivian Yang,0.125,0.75,0.05,0.0125,0.05
Asian or Pacific Islander,Wei Chen,0.10294117647058823,0.7352941176470589,0.029411764705882353,0.04411764705882353,0.07352941176470588
Asian or Pacific Islander,Wei Kim,0.10227272727272728,0.7727272727272727,0.045454545454545456,0.011363636363636364,0.03409090909090909
Asian or Pacific Islander,Wei Le,0.07462686567164178,0.8059701492537313,0.04477611940298507,0.014925373134328358,0.014925373134328358
Asian or Pacific Islander,Wei Li,0.05970149253731343,0.9104477611940298,0.014925373134328358,0,0.014925373134328358
Asian or Pacific Islander,Wei Nguyen,0.15942028985507245,0.7246376811594203,0.028985507246376812,0,0.057971014492753624
Asian or Pacific Islander,Wei Patel,0.16666666666666666,0.5185185185185185,0.07407407407407407,0.037037037037037035,0.09259259259259259
Asian or Pacific Islander,Wei Pham,0.18421052631578946,0.6710526315789473,0.039473684210526314,0.039473684210526314,0.039473684210526314
Asian or Pacific Islander,Wei Tran,0.09375,0.75,0.0625,0.03125,0.015625
Asian or Pacific Islander,Wei Wang,0.1728395061728395,0.7407407407407407,0.024691358024691357,0.024691358024691357,0.037037037037037035
Asian or Pacific Islander,Wei Yang,0.057971014492753624,0.855072463768116,0.014492753623188406,0.028985507246376812,0.014492753623188406
Asian or Pacific Islander,Yong Chen,0.10606060606060606,0.7878787878787878,0.030303030303030304,0.015151515151515152,0.06060606060606061
Asian or Pacific Islander,Yong Kim,0.05555555555555555,0.8194444444444444,0.041666666666666664,0.013888888888888888,0.041666666666666664
Asian or Pacific Islander,Yong Le,0.13043478260869565,0.7101449275362319,0.057971014492753624,0.014492753623188406,0.08695652173913043
Asian or Pacific Islander,Yong Li,0.08620689655172414,0.7931034482758621,0.08620689655172414,0,0.034482758620689655
Asian or Pacific Islander,Yong Nguyen,0.1,0.7714285714285715,0.04285714285714286,0,0.05714285714285714
Asian or Pacific Islander,Yong Patel,0.08955223880597014,0.6119402985074627,0.07462686567164178,0.014925373134328358,0.14925373134328357
Asian or Pacific Islander,Yong Pham,0.08196721311475409,0.819672131147541,0.01639344262295082,0,0.08196721311475409
Asian or Pacific Islander,Yong Tran,0.08080808080808081,0.7575757575757576,0.020202020202020204,0.020202020202020204,0.09090909090909091
Asian or Pacific Islander,Yong Wang,0.09876543209876543,0.7901234567901234,0.037037037037037035,0.012345679012345678,0.04938271604938271
Asian or Pacific Islander,Yong Yang,0.12162162162162163,0.7432432432432432,0.013513513513513514,0.04054054054054054,0.04054054054054054
Asian or Pacific Islander,Young Chen,0.12643678160919541,0.7701149425287356,0.011494252873563218,0.04597701149425287,0.034482758620689655
Asian or Pacific Islander,Young Kim,0.1076923076923077,0.7230769230769231,0.09230769230769231,0.015384615384615385,0.03076923076923077
Asian or Pacific Islander,Young Le,0.09090909090909091,0.8636363636363636,0.045454545454545456,0,0
Asian or Pacific Islander,Young Li,0.09230769230769231,0.8615384615384616,0.015384615384615385,0,0.03076923076923077
Asian or Pacific Islander,Young Nguyen,0.11267605633802817,0.7605633802816901,0.07042253521126761,0,0.04225352112676056
Asian or Pacific Islander,Young Patel,0.17333333333333334,0.26666666666666666,0.16,0.09333333333333334,0.16
Asian or Pacific Islander,Young Pham,0.16176470588235295,0.7058823529411765,0.07352941176470588,0.014705882352941176,0.029411764705882353
Asian or Pacific Islander,Young Tran,0.1267605633802817,0.676056338028169,0.08450704225352113,0.028169014084507043,0.04225352112676056
Asian or Pacific Islander,Young Wang,0.14705882352941177,0.7941176470588235,0.014705882352941176,0.014705882352941176,0.029411764705882353
Asian or Pacific Islander,Young Yang,0.12121212121212122,0.7424242424242424,0.045454545454545456,0.045454545454545456,0.030303030303030304
Black or African American,Darnell Burke,0.42857142857142855,0.025974025974025976,0.4805194805194805,0.025974025974025976,0.025974025974025976
Black or African American,Darnell Carpenter,0.3389830508474576,0,0.5932203389830508,0.03389830508474576,0.03389830508474576
Black or African American,Darnell Fox,0.27692307692307694,0.03076923076923077,0.6153846153846154,0.06153846153846154,0
Black or African American,Darnell Jackson,0.2903225806451613,0,0.6935483870967742,0,0.016129032258064516
Black or African American,Darnell Stone,0.36666666666666664,0.03333333333333333,0.5333333333333333,0.03333333333333333,0.016666666666666666
Black or African American,Darnell Sullivan,0.45901639344262296,0.06557377049180328,0.4262295081967213,0.01639344262295082,0.01639344262295082
Black or African American,Darnell Washington,0.2542372881355932,0.03389830508474576,0.5932203389830508,0.06779661016949153,0.01694915254237288
Black or African American,Darnell Weaver,0.3114754098360656,0.01639344262295082,0.5245901639344263,0.01639344262295082,0.03278688524590164
Black or African American,Darnell Williams,0.23076923076923078,0.03076923076923077,0.6923076923076923,0,0.046153846153846156
Black or African American,Darnell Wood,0.31645569620253167,0.02531645569620253,0.620253164556962,0,0.012658227848101266
Black or African American,Ebony Burke,0.25,0.046875,0.609375,0.046875,0.03125
Black or African American,Ebony Carpenter,0.2549019607843137,0.0196078431372549,0.6078431372549019,0.0392156862745098,0.0196078431372549
Black or African American,Ebony Fox,0.1206896551724138,0.08620689655172414,0.7241379310344828,0.017241379310344827,0.034482758620689655
Black or African American,Ebony Jackson,0.14545454545454545,0.03636363636363636,0.7636363636363637,0,0.01818181818181818
Black or African American,Ebony Stone,0.21818181818181817,0.05454545454545454,0.6727272727272727,0.01818181818181818,0.03636363636363636
Black or African American,Ebony Sullivan,0.3442622950819672,0.04918032786885246,0.5409836065573771,0.01639344262295082,0.01639344262295082
Black or African American,Ebony Washington,0.19736842105263158,0.013157894736842105,0.6973684210526315,0,0.05263157894736842
Black or African American,Ebony Weaver,0.16071428571428573,0.03571428571428571,0.6785714285714286,0.017857142857142856,0.08928571428571429
Black or African American,Ebony Williams,0.1774193548387097,0.016129032258064516,0.7419354838709677,0.016129032258064516,0.016129032258064516
Black or African American,Ebony Wood,0.22784810126582278,0.012658227848101266,0.6582278481012658,0.02531645569620253,0.06329113924050633
Black or African American,Jermaine Burke,0.23529411764705882,0.04411764705882353,0.5735294117647058,0.029411764705882353,0.029411764705882353
Black or African American,Jermaine Carpenter,0.3492063492063492,0.047619047619047616,0.5555555555555556,0.015873015873015872,0.015873015873015872
Black or African American,Jermaine Fox,0.2727272727272727,0.07272727272727272,0.6181818181818182,0,0
Black or African American,Jermaine Jackson,0.15151515151515152,0.045454545454545456,0.7424242424242424,0.015151515151515152,0.045454545454545456
Black or African American,Jermaine Stone,0.35384615384615387,0.015384615384615385,0.5230769230769231,0,0.09230769230769231
Black or African American,Jermaine Sullivan,0.19696969696969696,0.030303030303030304,0.696969696969697,0.030303030303030304,0.030303030303030304
Black or African American,Jermaine Washington,0.29411764705882354,0.029411764705882353,0.6176470588235294,0.029411764705882353,0
Black or African American,Jermaine Weaver,0.28125,0,0.609375,0.03125,0.015625
Black or African American,Jermaine Williams,0.21875,0.046875,0.71875,0,0
Black or African American,Jermaine Wood,0.1746031746031746,0.015873015873015872,0.746031746031746,0.047619047619047616,0
Black or African American,Lakisha Burke,0.18055555555555555,0.05555555555555555,0.6388888888888888,0.027777777777777776,0.041666666666666664
Black or African American,Lakisha Carpenter,0.10606060606060606,0.045454545454545456,0.7272727272727273,0.030303030303030304,0.06060606060606061
Black or African American,Lakisha Fox,0.1724137931034483,0.034482758620689655,0.7068965517241379,0.017241379310344827,0.034482758620689655
Black or African American,Lakisha Jackson,0.043478260869565216,0.021739130434782608,0.8913043478260869,0,0
Black or African American,Lakisha Stone,0.07017543859649122,0.05263157894736842,0.7894736842105263,0.017543859649122806,0
Black or African American,Lakisha Sullivan,0.1935483870967742,0.03225806451612903,0.7096774193548387,0.04838709677419355,0
Black or African American,Lakisha Washington,0.14285714285714285,0,0.75,0.017857142857142856,0.017857142857142856
Black or African American,Lakisha Weaver,0.16363636363636364,0.05454545454545454,0.6909090909090909,0,0
Black or African American,Lakisha Williams,0.14492753623188406,0,0.7681159420289855,0.057971014492753624,0.028985507246376812
Black or African American,Lakisha Wood,0.09433962264150944,0.018867924528301886,0.8490566037735849,0.018867924528301886,0.018867924528301886
Black or African American,Latasha Burke,0.0967741935483871,0.016129032258064516,0.8064516129032258,0.03225806451612903,0
Black or African American,Latasha Carpenter,0.15254237288135594,0,0.6949152542372882,0.05084745762711865,0.06779661016949153
Black or African American,Latasha Fox,0.14285714285714285,0,0.75,0.05357142857142857,0.03571428571428571
Black or African American,Latasha Jackson,0.09836065573770492,0.03278688524590164,0.8524590163934426,0.01639344262295082,0
Black or African American,Latasha Stone,0.2777777777777778,0.037037037037037035,0.5740740740740741,0.1111111111111111,0
Black or African American,Latasha Sullivan,0.2037037037037037,0.05555555555555555,0.6296296296296297,0.037037037037037035,0.018518518518518517
Black or African American,Latasha Washington,0.25,0,0.7205882352941176,0.014705882352941176,0
Black or African American,Latasha Weaver,0.2727272727272727,0.07272727272727272,0.6181818181818182,0,0.03636363636363636
Black or African American,Latasha Williams,0.11594202898550725,0.014492753623188406,0.782608695652174,0,0.07246376811594203
Black or African American,Latasha Wood,0.2608695652173913,0.028985507246376812,0.6086956521739131,0.014492753623188406,0.07246376811594203
Black or African American,Latonya Burke,0.18333333333333332,0.05,0.6333333333333333,0.05,0.05
Black or African American,Latonya Carpenter,0.171875,0.046875,0.65625,0.03125,0.015625
Black or African American,Latonya Fox,0.16901408450704225,0.014084507042253521,0.7605633802816901,0.014084507042253521,0.028169014084507043
Black or African American,Latonya Jackson,0.25,0,0.71875,0,0.03125
Black or African American,Latonya Stone,0.13636363636363635,0.030303030303030304,0.7272727272727273,0.07575757575757576,0.015151515151515152
Black or African American,Latonya Sullivan,0.16363636363636364,0.07272727272727272,0.6181818181818182,0.07272727272727272,0.03636363636363636
Black or African American,Latonya Washington,0.1891891891891892,0.05405405405405406,0.7297297297297297,0,0.013513513513513514
Black or African American,Latonya Weaver,0.1864406779661017,0.03389830508474576,0.7457627118644068,0.01694915254237288,0.01694915254237288
Black or African American,Latonya Williams,0.08823529411764706,0.029411764705882353,0.8088235294117647,0.04411764705882353,0.029411764705882353
Black or African American,Latonya Wood,0.1774193548387097,0.03225806451612903,0.7258064516129032,0.03225806451612903,0.016129032258064516
Black or African American,Latoya Burke,0.12903225806451613,0.03225806451612903,0.7903225806451613,0.016129032258064516,0
Black or African American,Latoya Carpenter,0.20967741935483872,0.04838709677419355,0.5806451612903226,0.04838709677419355,0.08064516129032258
Black or African American,Latoya Fox,0.21666666666666667,0,0.7,0.016666666666666666,0.03333333333333333
Black or African American,Latoya Jackson,0.08450704225352113,0,0.8309859154929577,0.028169014084507043,0.028169014084507043
Black or African American,Latoya Stone,0.2,0.06153846153846154,0.6461538461538462,0.03076923076923077,0
Black or African American,Latoya Sullivan,0.21818181818181817,0.09090909090909091,0.4909090909090909,0.12727272727272726,0.01818181818181818
Black or African American,Latoya Washington,0.09090909090909091,0.03636363636363636,0.7636363636363637,0.07272727272727272,0.03636363636363636
Black or African American,Latoya Weaver,0.16,0.06,0.68,0.02,0.04
Black or African American,Latoya Williams,0.21052631578947367,0.017543859649122806,0.6666666666666666,0.10526315789473684,0
Black or African American,Latoya Wood,0.22666666666666666,0.02666666666666667,0.6666666666666666,0.05333333333333334,0
Black or African American,Roosevelt Burke,0.5614035087719298,0,0.3508771929824561,0.017543859649122806,0.03508771929824561
Black or African American,Roosevelt Carpenter,0.639344262295082,0.01639344262295082,0.26229508196721313,0,0.03278688524590164
Black or African American,Roosevelt Fox,0.5660377358490566,0.03773584905660377,0.2830188679245283,0.03773584905660377,0.018867924528301886
Black or African American,Roosevelt Jackson,0.41818181818181815,0.01818181818181818,0.4909090909090909,0.03636363636363636,0
Black or African American,Roosevelt Stone,0.6268656716417911,0.014925373134328358,0.26865671641791045,0.014925373134328358,0.04477611940298507
Black or African American,Roosevelt Sullivan,0.625,0.041666666666666664,0.22916666666666666,0.041666666666666664,0.041666666666666664
Black or African American,Roosevelt Washington,0.5,0.030303030303030304,0.3939393939393939,0.030303030303030304,0.030303030303030304
Black or African American,Roosevelt Weaver,0.5428571428571428,0.04285714285714286,0.35714285714285715,0,0.04285714285714286
Black or African American,Roosevelt Williams,0.5063291139240507,0.02531645569620253,0.4050632911392405,0.0379746835443038,0.012658227848101266
Black or African American,Roosevelt Wood,0.5423728813559322,0.05084745762711865,0.3389830508474576,0.01694915254237288,0.01694915254237288
Black or African American,Tamika Burke,0.1746031746031746,0.015873015873015872,0.7301587301587301,0,0.031746031746031744
Black or African American,Tamika Carpenter,0.16923076923076924,0.03076923076923077,0.7230769230769231,0,0
Black or African American,Tamika Fox,0.06349206349206349,0.031746031746031744,0.7936507936507936,0.031746031746031744,0.07936507936507936
Black or African American,Tamika Jackson,0.05084745762711865,0.05084745762711865,0.864406779661017,0.01694915254237288,0.01694915254237288
Black or African American,Tamika Stone,0.15714285714285714,0.08571428571428572,0.6428571428571429,0.014285714285714285,0.04285714285714286
Black or African American,Tamika Sullivan,0.18461538461538463,0.06153846153846154,0.6,0.06153846153846154,0.06153846153846154
Black or African American,Tamika Washington,0.13725490196078433,0.0784313725490196,0.7058823529411765,0.0196078431372549,0.0392156862745098
Black or African American,Tamika Weaver,0.25,0.05,0.6166666666666667,0.03333333333333333,0.016666666666666666
Black or African American,Tamika Williams,0.09230769230769231,0.03076923076923077,0.8153846153846154,0.015384615384615385,0.015384615384615385
Black or African American,Tamika Wood,0.14285714285714285,0.03571428571428571,0.75,0,0.03571428571428571
Black or African American,Tanisha Burke,0.24074074074074073,0.05555555555555555,0.6481481481481481,0.018518518518518517,0.018518518518518517
Black or African American,Tanisha Carpenter,0.17647058823529413,0.0392156862745098,0.7058823529411765,0.0392156862745098,0.0196078431372549
Black or African American,Tanisha Fox,0.12195121951219512,0.024390243902439025,0.7560975609756098,0.036585365853658534,0.024390243902439025
Black or African American,Tanisha Jackson,0.19607843137254902,0.0196078431372549,0.7254901960784313,0.0196078431372549,0.0196078431372549
Black or African American,Tanisha Stone,0.21052631578947367,0.03508771929824561,0.7192982456140351,0,0.03508771929824561
Black or African American,Tanisha Sullivan,0.23636363636363636,0.05454545454545454,0.5454545454545454,0.07272727272727272,0.01818181818181818
Black or African American,Tanisha Washington,0.10909090909090909,0.03636363636363636,0.8,0.03636363636363636,0
Black or African American,Tanisha Weaver,0.12698412698412698,0.06349206349206349,0.6666666666666666,0.015873015873015872,0.1111111111111111
Black or African American,Tanisha Williams,0.14814814814814814,0.05555555555555555,0.7777777777777778,0,0.018518518518518517
Black or African American,Tanisha Wood,0.273972602739726,0.0136986301369863,0.6164383561643836,0.0273972602739726,0.0273972602739726
Hispanic,Alejandro Garcia,0.08196721311475409,0.06557377049180328,0.04918032786885246,0.7868852459016393,0.01639344262295082
Hispanic,Alejandro Gonzalez,0.10144927536231885,0.028985507246376812,0.10144927536231885,0.7536231884057971,0.014492753623188406
Hispanic,Alejandro Hernandez,0.1320754716981132,0,0.05660377358490566,0.7924528301886793,0.018867924528301886
Hispanic,Alejandro Lopez,0.05263157894736842,0,0.05263157894736842,0.8245614035087719,0.07017543859649122
Hispanic,Alejandro Martinez,0.1111111111111111,0.047619047619047616,0.047619047619047616,0.7777777777777778,0.015873015873015872
Hispanic,Alejandro Perez,0.028169014084507043,0.028169014084507043,0.08450704225352113,0.8309859154929577,0.014084507042253521
Hispanic,Alejandro Ramirez,0.06349206349206349,0,0.047619047619047616,0.8571428571428571,0.031746031746031744
Hispanic,Alejandro Rodriguez,0.1206896551724138,0.017241379310344827,0.017241379310344827,0.8103448275862069,0.017241379310344827
Hispanic,Alejandro Sanchez,0.05454545454545454,0.05454545454545454,0.05454545454545454,0.8,0.01818181818181818
Hispanic,Alejandro Torres,0.07894736842105263,0.02631578947368421,0.05263157894736842,0.8026315789473685,0.013157894736842105
Hispanic,Guadalupe Garcia,0.13846153846153847,0.046153846153846156,0.03076923076923077,0.7384615384615385,0.03076923076923077
Hispanic,Guadalupe Gonzalez,0.0684931506849315,0.0821917808219178,0.0410958904109589,0.7671232876712328,0.0410958904109589
Hispanic,Guadalupe Hernandez,0.10606060606060606,0.030303030303030304,0.015151515151515152,0.7878787878787878,0.045454545454545456
Hispanic,Guadalupe Lopez,0.16666666666666666,0.020833333333333332,0.020833333333333332,0.7708333333333334,0.020833333333333332
Hispanic,Guadalupe Martinez,0.06451612903225806,0.03225806451612903,0.04838709677419355,0.8387096774193549,0
Hispanic,Guadalupe Perez,0.11764705882352941,0.04411764705882353,0.04411764705882353,0.7352941176470589,0.058823529411764705
Hispanic,Guadalupe Ramirez,0.06666666666666667,0.06666666666666667,0.05333333333333334,0.7866666666666666,0
Hispanic,Guadalupe Rodriguez,0.078125,0.015625,0,0.875,0.015625
Hispanic,Guadalupe Sanchez,0.09523809523809523,0.07936507936507936,0.031746031746031744,0.746031746031746,0.031746031746031744
Hispanic,Guadalupe Torres,0.19230769230769232,0,0.038461538461538464,0.7307692307692307,0.019230769230769232
Hispanic,Hector Garcia,0.08333333333333333,0.041666666666666664,0.020833333333333332,0.8541666666666666,0
Hispanic,Hector Gonzalez,0.1016949152542373,0.01694915254237288,0.03389830508474576,0.847457627118644,0
Hispanic,Hector Hernandez,0.14754098360655737,0.03278688524590164,0.03278688524590164,0.7540983606557377,0
Hispanic,Hector Lopez,0.08,0.08,0,0.76,0.02666666666666667
Hispanic,Hector Martinez,0.13725490196078433,0,0.11764705882352941,0.7254901960784313,0.0196078431372549
Hispanic,Hector Perez,0.22535211267605634,0.056338028169014086,0.014084507042253521,0.676056338028169,0.014084507042253521
Hispanic,Hector Ramirez,0.07272727272727272,0.01818181818181818,0.03636363636363636,0.8363636363636363,0
Hispanic,Hector Rodriguez,0.046511627906976744,0.06976744186046512,0.023255813953488372,0.8604651162790697,0
Hispanic,Hector Sanchez,0.06779661016949153,0.06779661016949153,0.03389830508474576,0.7966101694915254,0.01694915254237288
Hispanic,Hector Torres,0.25806451612903225,0.08064516129032258,0.08064516129032258,0.5483870967741935,0.03225806451612903
Hispanic,Javier Garcia,0.13333333333333333,0.016666666666666666,0.05,0.7666666666666667,0.03333333333333333
Hispanic,Javier Gonzalez,0.1044776119402985,0.014925373134328358,0.014925373134328358,0.8208955223880597,0
Hispanic,Javier Hernandez,0.07017543859649122,0.03508771929824561,0.03508771929824561,0.8070175438596491,0.017543859649122806
Hispanic,Javier Lopez,0.09836065573770492,0.06557377049180328,0.04918032786885246,0.7704918032786885,0.01639344262295082
Hispanic,Javier Martinez,0.02857142857142857,0.014285714285714285,0.02857142857142857,0.8714285714285714,0.02857142857142857
Hispanic,Javier Perez,0.12698412698412698,0.09523809523809523,0.047619047619047616,0.6825396825396826,0.015873015873015872
Hispanic,Javier Ramirez,0.125,0.041666666666666664,0.041666666666666664,0.7708333333333334,0
Hispanic,Javier Rodriguez,0.05555555555555555,0.07407407407407407,0.037037037037037035,0.8148148148148148,0.018518518518518517
Hispanic,Javier Sanchez,0.08196721311475409,0.03278688524590164,0,0.8524590163934426,0.01639344262295082
Hispanic,Javier Torres,0.12857142857142856,0.014285714285714285,0.1,0.7142857142857143,0.02857142857142857
Hispanic,Jesus Garcia,0.20754716981132076,0.018867924528301886,0,0.7358490566037735,0.03773584905660377
Hispanic,Jesus Gonzalez,0.10294117647058823,0.029411764705882353,0.04411764705882353,0.75,0.029411764705882353
Hispanic,Jesus Hernandez,0.15,0.03333333333333333,0,0.7666666666666667,0
Hispanic,Jesus Lopez,0.10344827586206896,0,0.06896551724137931,0.8275862068965517,0
Hispanic,Jesus Martinez,0.10344827586206896,0.017241379310344827,0.034482758620689655,0.8275862068965517,0
Hispanic,Jesus Perez,0.08333333333333333,0.03333333333333333,0,0.85,0.03333333333333333
Hispanic,Jesus Ramirez,0.041666666666666664,0.041666666666666664,0.013888888888888888,0.8611111111111112,0.041666666666666664
Hispanic,Jesus Rodriguez,0.13114754098360656,0,0.08196721311475409,0.7540983606557377,0.03278688524590164
Hispanic,Jesus Sanchez,0.16923076923076924,0.015384615384615385,0.03076923076923077,0.7846153846153846,0
Hispanic,Jesus Torres,0.18032786885245902,0.08196721311475409,0.04918032786885246,0.5737704918032787,0.04918032786885246
Hispanic,Jorge Garcia,0.15517241379310345,0.06896551724137931,0.034482758620689655,0.7413793103448276,0
Hispanic,Jorge Gonzalez,0.06896551724137931,0,0.06896551724137931,0.7931034482758621,0.034482758620689655
Hispanic,Jorge Hernandez,0.09836065573770492,0,0.08196721311475409,0.7868852459016393,0
Hispanic,Jorge Lopez,0.09090909090909091,0.030303030303030304,0.06060606060606061,0.803030303030303,0.015151515151515152
Hispanic,Jorge Martinez,0.18840579710144928,0.043478260869565216,0.028985507246376812,0.7101449275362319,0.014492753623188406
Hispanic,Jorge Perez,0.11538461538461539,0,0.019230769230769232,0.7884615384615384,0.057692307692307696
Hispanic,Jorge Ramirez,0.17142857142857143,0.07142857142857142,0.07142857142857142,0.6571428571428571,0.02857142857142857
Hispanic,Jorge Rodriguez,0.11538461538461539,0.019230769230769232,0.019230769230769232,0.8269230769230769,0
Hispanic,Jorge Sanchez,0.15625,0.03125,0.03125,0.75,0.03125
Hispanic,Jorge Torres,0.125,0.046875,0.09375,0.671875,0.03125
Hispanic,Juan Garcia,0.13043478260869565,0.014492753623188406,0.028985507246376812,0.7536231884057971,0.014492753623188406
Hispanic,Juan Gonzalez,0.07692307692307693,0.015384615384615385,0.046153846153846156,0.8307692307692308,0.015384615384615385
Hispanic,Juan Hernandez,0.09523809523809523,0.07936507936507936,0.047619047619047616,0.7619047619047619,0
Hispanic,Juan Lopez,0.11320754716981132,0.07547169811320754,0,0.7924528301886793,0.018867924528301886
Hispanic,Juan Martinez,0.07407407407407407,0.037037037037037035,0.07407407407407407,0.7962962962962963,0
Hispanic,Juan Perez,0.10416666666666667,0.041666666666666664,0.041666666666666664,0.7916666666666666,0
Hispanic,Juan Ramirez,0.07692307692307693,0.046153846153846156,0.046153846153846156,0.8153846153846154,0
Hispanic,Juan Rodriguez,0.12987012987012986,0.03896103896103896,0.06493506493506493,0.7532467532467533,0
Hispanic,Juan Sanchez,0.125,0.03125,0.0625,0.71875,0.03125
Hispanic,Juan Torres,0.08823529411764706,0.058823529411764705,0.08823529411764706,0.7352941176470589,0.014705882352941176
Hispanic,Julio Garcia,0.13043478260869565,0,0.014492753623188406,0.8405797101449275,0
Hispanic,Julio Gonzalez,0.08,0.013333333333333334,0.05333333333333334,0.8266666666666667,0
Hispanic,Julio Hernandez,0.14516129032258066,0.03225806451612903,0.08064516129032258,0.7096774193548387,0.016129032258064516
Hispanic,Julio Lopez,0.11320754716981132,0.05660377358490566,0.05660377358490566,0.7358490566037735,0.018867924528301886
Hispanic,Julio Martinez,0.13846153846153847,0.015384615384615385,0.06153846153846154,0.7384615384615385,0.03076923076923077
Hispanic,Julio Perez,0.08928571428571429,0.017857142857142856,0,0.875,0
Hispanic,Julio Ramirez,0.09090909090909091,0.01818181818181818,0.01818181818181818,0.8727272727272727,0
Hispanic,Julio Rodriguez,0.08333333333333333,0.07142857142857142,0.023809523809523808,0.7857142857142857,0.023809523809523808
Hispanic,Julio Sanchez,0.17857142857142858,0.017857142857142856,0.10714285714285714,0.6964285714285714,0
Hispanic,Julio Torres,0.08823529411764706,0.014705882352941176,0.058823529411764705,0.7941176470588235,0.014705882352941176
Hispanic,Miguel Garcia,0.04819277108433735,0.060240963855421686,0.03614457831325301,0.7831325301204819,0.024096385542168676
Hispanic,Miguel Gonzalez,0.12280701754385964,0.03508771929824561,0.08771929824561403,0.7543859649122807,0
Hispanic,Miguel Hernandez,0.1095890410958904,0.0684931506849315,0,0.7945205479452054,0.0136986301369863
Hispanic,Miguel Lopez,0.1095890410958904,0.0273972602739726,0.0136986301369863,0.8356164383561644,0.0136986301369863
Hispanic,Miguel Martinez,0.1,0.03333333333333333,0.05,0.7833333333333333,0.03333333333333333
Hispanic,Miguel Perez,0.11940298507462686,0.029850746268656716,0.04477611940298507,0.746268656716418,0.04477611940298507
Hispanic,Miguel Ramirez,0.08333333333333333,0.020833333333333332,0.020833333333333332,0.8125,0.020833333333333332
Hispanic,Miguel Rodriguez,0.10526315789473684,0.017543859649122806,0.05263157894736842,0.7368421052631579,0.05263157894736842
Hispanic,Miguel Sanchez,0.11320754716981132,0,0.03773584905660377,0.8301886792452831,0.018867924528301886
Hispanic,Miguel Torres,0.07142857142857142,0.03571428571428571,0.10714285714285714,0.7321428571428571,0
Hispanic,Salvador Garcia,0.07936507936507936,0.031746031746031744,0.06349206349206349,0.7936507936507936,0.015873015873015872
Hispanic,Salvador Gonzalez,0.05660377358490566,0.05660377358490566,0.018867924528301886,0.8679245283018868,0
Hispanic,Salvador Hernandez,0.07042253521126761,0.04225352112676056,0.056338028169014086,0.7746478873239436,0.04225352112676056
Hispanic,Salvador Lopez,0.058823529411764705,0.058823529411764705,0,0.8235294117647058,0.0392156862745098
Hispanic,Salvador Martinez,0.03389830508474576,0.05084745762711865,0.05084745762711865,0.7796610169491526,0.03389830508474576
Hispanic,Salvador Perez,0.109375,0.078125,0.078125,0.671875,0.046875
Hispanic,Salvador Ramirez,0.1,0.016666666666666666,0.03333333333333333,0.8166666666666667,0.016666666666666666
Hispanic,Salvador Rodriguez,0.06060606060606061,0.09090909090909091,0.07575757575757576,0.7424242424242424,0.015151515151515152
Hispanic,Salvador Sanchez,0.08928571428571429,0.03571428571428571,0.08928571428571429,0.7321428571428571,0
Hispanic,Salvador Torres,0.11267605633802817,0.04225352112676056,0,0.8028169014084507,0.014084507042253521
